,street,zipcode,city,state,latitude,longitude,useCode,taxAssessmentYear,taxAssessment,yearBuilt,lotSizeSqFt,finishedSqFt,bathrooms,totalRooms,lastSoldDate,lastSoldPrice,estimateValue
1,15 River St APT 304,2108,Boston,MA,42.356771,-71.069972,Condominium,2019,836200,1900,841,841,1,4,12/15/08,USD:575000,909541
2,55 Bourne St,2130,Boston,MA,42.291116,-71.114726,SingleFamily,2019,484000,1910,4791,1646,1,7,6/26/19,USD:500000,724301
3,51 Glover Rd,2494,Needham,MA,42.296391,-71.243957,SingleFamily,2019,685600,1966,16552,2088,3,6,4/26/02,USD:485000,877669
4,41 Riverside St # 41,2494,Needham,MA,42.305158,-71.216102,Condominium,FALSE,FALSE,2019,FALSE,1955,4,FALSE,FALSE,FALSE,827532
5,39 Riverside St,2494,Needham,MA,42.304964,-71.216126,Duplex,2019,480800,1968,4792,1914,3,8,FALSE,FALSE,756773
6,40 Meetinghouse Cir,2492,Needham,MA,42.286504,-71.250744,SingleFamily,2019,731500,1980,10454,1720,3,8,2/13/80,USD:122000,862556
7,615 Charles River St,2492,Needham,MA,42.270717,-71.284277,SingleFamily,FALSE,FALSE,FALSE,59677,6000,8,FALSE,FALSE,FALSE,2776955
8,72 Green St,2492,Needham,MA,42.2714,-71.213594,SingleFamily,2019,673300,1924,8712,1288,2,6,11/26/91,USD:170000,765291
9,34 Pleasant St,2492,Needham,MA,42.276076,-71.232006,Condominium,FALSE,FALSE,2015,FALSE,2635,4,FALSE,FALSE,FALSE,978826
10,2 Pond St,2492,Needham,MA,42.282422,-71.252898,SingleFamily,FALSE,FALSE,FALSE,14374,4814,5,FALSE,FALSE,FALSE,1858621
11,44 Nevada Rd,2494,Needham,MA,42.293707,-71.222654,SingleFamily,2019,591500,2019,10018,5200,6,7,11/16/18,USD:731000,2248108
12,20 Whiting Way,2492,Needham,MA,42.28778,-71.263463,SingleFamily,2019,775000,1957,10018,2623,4,8,4/3/95,USD:282000,1009164
13,512 Central Ave,2494,Needham,MA,42.301177,-71.244661,SingleFamily,2019,463100,1870,18730,1094,2,6,4/29/99,USD:283000,599196
14,80 Arch St,2492,Needham,MA,42.285324,-71.215002,SingleFamily,2019,703400,2019,10018,4270,5,8,8/12/04,USD:655000,1833595
15,23 Dwight Rd,2492,Needham,MA,42.288046,-71.252275,SingleFamily,2019,657900,1964,27009,1930,3,7,FALSE,FALSE,1117113
16,16 Country Way,2492,Needham,MA,42.267534,-71.266999,SingleFamily,2019,2254800,2010,47480,6600,7,18,9/27/11,USD:2250000,2784017
17,19 Southfield Ct,2492,Needham,MA,42.262003,-71.237529,SingleFamily,2019,1779800,2002,18295,5754,6,9,1/16/02,USD:1000000,2041523
18,44 Hazelton Ave,2492,Needham,MA,42.285152,-71.219494,SingleFamily,2019,878600,1938,11761,3200,3,9,FALSE,FALSE,1095129
19,511 Central Ave,2494,Needham,MA,42.301735,-71.245095,SingleFamily,2019,583100,1968,15246,2090,3,8,FALSE,FALSE,699978
20,211 High Rock St,2492,Needham,MA,42.269407,-71.241235,SingleFamily,2019,648100,1950,17859,1410,2,6,7/30/74,USD:38000,689003
21,168 Bridle Trail Rd,2492,Needham,MA,42.27252,-71.259982,SingleFamily,2019,1493200,1996,43560,5700,6,9,FALSE,FALSE,1852043
22,17 Crestview Rd,2492,Needham,MA,42.260029,-71.258465,SingleFamily,2019,1012600,1974,43560,2412,3,8,FALSE,FALSE,892356
23,1622 Great Plain Ave,2492,Needham,MA,42.285679,-71.260146,SingleFamily,2019,671700,2019,19602,7000,8,15,8/15/96,USD:299200,2385938
24,12 Bird St,2492,Needham,MA,42.284427,-71.209017,SingleFamily,2019,1236400,2005,13068,3196,2.5,9,9/19/05,USD:1065000,1405698
25,136 Grosvenor Rd,2492,Needham,MA,42.276741,-71.210377,SingleFamily,2019,658600,1932,10890,6000,5,6,6/29/01,USD:488500,1864248
26,51 Gilbert Rd,2492,Needham,MA,42.273834,-71.251991,SingleFamily,2019,743100,1968,13504,1778,2.5,8,6/29/99,USD:371000,862936
27,1133 South St,2492,Needham,MA,42.262851,-71.252437,SingleFamily,2019,1072500,1914,100188,3200,3,8,FALSE,FALSE,1555192
28,0 West St,2494,Needham,MA,42.293811,-71.245937,VacantResidentialLand,FALSE,FALSE,FALSE,20908,FALSE,FALSE,FALSE,FALSE,FALSE,0
29,87 Hunnewell St,2494,Needham,MA,42.302765,-71.247241,SingleFamily,2019,832000,1954,13939,3327,4,9,10/2/91,USD:220000,1227190
30,1688 Central Ave,2492,Needham,MA,42.268262,-71.265814,VacantResidentialLand,2019,710400,1904,151153,1661,FALSE,6,FALSE,FALSE,0
31,23 Lindenridge Rd,1002,Amherst,MA,42.344831,-72.471578,SingleFamily,FALSE,FALSE,2018,32234,3100,4,FALSE,FALSE,FALSE,0
32,25 Mount Pollux Dr,1002,Amherst,MA,42.331002,-72.503624,SingleFamily,2019,444700,1965,61419,2996,5,6,11/30/98,USD:170000,379047
33,1055 S East St,1002,Amherst,MA,42.340098,-72.504246,SingleFamily,2019,467700,1742,24393,2928,2,8,8/1/11,USD:450000,0
34,165 Mechanic St,1002,Amherst,MA,42.315726,-72.496004,SingleFamily,2019,130000,1910,74052,1704,2,8,9/1/16,USD:99000,224679
35,392 West St,1002,Amherst,MA,42.343107,-72.517201,SingleFamily,2019,309600,1900,336283,2253,3,7,FALSE,FALSE,0
36,181 Strong St,1002,Amherst,MA,42.387772,-72.508673,SingleFamily,2019,392000,1969,14810,2600,3,12,1/15/09,USD:399000,388508
37,140 Old Enfield Rd,1007,Belchertown,MA,42.290096,-72.386674,SingleFamily,2019,386600,1979,207781,2556,3,10,11/15/02,USD:363500,383046
38,66 Canal Dr,1007,Belchertown,MA,42.246572,-72.392919,SingleFamily,2019,311300,1986,160736,2808,3,9,6/3/98,USD:175000,334218
39,153 Stebbins St,1007,Belchertown,MA,42.28664,-72.45298,SingleFamily,2019,286400,1979,60984,2289,3,6,FALSE,FALSE,364459
40,389 Michael Sears Rd,1007,Belchertown,MA,42.225953,-72.362735,SingleFamily,FALSE,FALSE,2019,40075,2300,3,FALSE,FALSE,FALSE,381211
41,507 N Liberty St,1007,Belchertown,MA,42.215433,-72.375845,SingleFamily,2019,339300,2003,43995,2212,3,7,5/23/03,USD:60000,363169
42,685 Federal St,1007,Belchertown,MA,42.319993,-72.437711,SingleFamily,2019,208600,1989,40075,920,1,4,6/5/03,USD:146000,220781
43,10 Bisbee Rd,1012,Chesterfield,MA,42.380318,-72.81468,SingleFamily,2019,282400,1993,130680,2500,2,6,5/1/92,USD:75000,364229
44,62 East St,1012,Chesterfield,MA,42.375059,-72.820523,SingleFamily,2019,211500,1900,27007,2406,2,6,12/27/05,USD:184200,250684
45,409 Main Rd,1012,Chesterfield,MA,42.391544,-72.841668,SingleFamily,2019,273200,1860,101059,3752,3,11,3/1/07,USD:274000,425268
46,10 Antin Rd,1012,Chesterfield,MA,42.420086,-72.836428,SingleFamily,2019,483600,2006,87120,4200,4,6,12/27/05,USD:130255,669751
47,62 Willicutt Rd,1012,Chesterfield,MA,42.412647,-72.846609,SingleFamily,2019,224800,1930,169884,1900,2,6,10/17/03,USD:40000,280300
48,17 Bissell Rd,1012,Chesterfield,MA,42.419264,-72.816072,SingleFamily,FALSE,FALSE,2019,88426,1092,2,FALSE,FALSE,FALSE,256864
49,10 Bisbee Rd,1012,Chesterfield,MA,42.380318,-72.81468,SingleFamily,2019,282400,1993,130680,2500,2,6,5/1/92,USD:75000,364229
50,17 Bissell Rd,1012,Chesterfield,MA,42.419264,-72.816072,SingleFamily,FALSE,FALSE,2019,88426,1092,2,FALSE,FALSE,FALSE,256864
51,62 East St,1012,Chesterfield,MA,42.375059,-72.820523,SingleFamily,2019,211500,1900,27007,2406,2,6,12/27/05,USD:184200,250684
52,409 Main Rd,1012,Chesterfield,MA,42.391544,-72.841668,SingleFamily,2019,273200,1860,101059,3752,3,11,3/1/07,USD:274000,425268
53,62 Willicutt Rd,1012,Chesterfield,MA,42.412647,-72.846609,SingleFamily,2019,224800,1930,169884,1900,2,6,10/17/03,USD:40000,280300
54,236 W Cummington Rd,1026,Cummington,MA,42.465198,-72.933294,SingleFamily,2019,263800,1987,552776,1384,1,5,FALSE,FALSE,252273
55,52 Upper Bryant Rd,1026,Cummington,MA,42.469959,-72.943638,SingleFamily,2019,627000,1870,17816040,5306,2,12,FALSE,FALSE,0
56,226 Powell Rd,1026,Cummington,MA,42.466524,-72.971047,SingleFamily,2019,182200,1994,87120,1724,1,4,FALSE,FALSE,94931
57,28 Trouble St,1026,Cummington,MA,42.447917,-72.942069,SingleFamily,2019,300200,1986,165528,2243,2,6,FALSE,FALSE,286915
58,0 Fairgrounds Rd,1026,Cummington,MA,42.445281,-72.893558,VacantResidentialLand,FALSE,FALSE,FALSE,2787840,FALSE,FALSE,FALSE,FALSE,FALSE,0
59,1 Honey Hill Rd,1026,Cummington,MA,42.452329,-72.951312,SingleFamily,2019,138300,1949,43560,1137,1,4,8/14/06,USD:140000,155980
60,18 Lawson Dr,1027,Easthampton,MA,42.230312,-72.683129,SingleFamily,2019,227000,1970,12197,1776,2,7,12/4/02,USD:156000,277315
61,10 Blueberry Ln,1027,Westhampton,MA,42.289323,-72.673326,SingleFamily,2019,98900,FALSE,311890,FALSE,FALSE,FALSE,FALSE,FALSE,0
62,15 South St,1027,Easthampton,MA,42.254658,-72.680266,SingleFamily,2019,257700,1966,15246,1561,2,6,7/3/00,USD:179900,271086
63,15 Summer St,1027,Easthampton,MA,42.271286,-72.66963,MultiFamily2To4,2019,298900,1900,13068,2884,6,12,11/16/17,USD:46932,335658
64,242 Kings Hwy,1027,Westhampton,MA,42.333435,-72.789912,SingleFamily,2019,203800,1980,753587,2100,2,6,11/21/18,USD:65000,548959
65,244 Berkshire Trl W,1032,Goshen,MA,42.454164,-72.846703,SingleFamily,2019,150500,1800,55756,1717,1,8,FALSE,FALSE,181905
66,72 Ball Rd,1032,Williamsburg,MA,42.442443,-72.81918,SingleFamily,2019,367700,1777,111513,3567,3,6,FALSE,FALSE,408826
67,18 West Shore Dr,1032,Goshen,MA,42.44306,-72.79654,SingleFamily,2019,863600,1952,119790,4000,5,5,5/3/02,USD:191000,852601
68,72 Ball Rd,1032,Williamsburg,MA,42.442443,-72.81918,SingleFamily,2019,367700,1777,111513,3567,3,6,FALSE,FALSE,408826
69,0 West St,1032,Goshen,MA,42.457443,-72.828941,VacantResidentialLand,FALSE,FALSE,FALSE,284882,FALSE,FALSE,FALSE,FALSE,FALSE,0
70,44 Chmura Rd,1035,Hadley,MA,42.315468,-72.56496,SingleFamily,2019,307100,1995,52272,2800,3,12,8/23/00,USD:164500,396520
71,15 Morning Star Dr,1035,Hadley,MA,42.412081,-72.564489,SingleFamily,2019,334900,1985,43124,1786,2,8,6/21/17,USD:312000,349073
72,104 Middle St,1035,Hadley,MA,42.341529,-72.588003,SingleFamily,2019,478700,1903,55321,2816,3,FALSE,FALSE,FALSE,589836
73,229 Russell St,1035,Hadley,MA,42.346103,-72.573598,SingleFamily,2019,262200,1920,43560,1479,1,FALSE,4/11/07,USD:195000,269031
74,31 Chmura Rd,1035,Hadley,MA,42.314462,-72.566928,SingleFamily,FALSE,FALSE,2000,1219680,10000,13,35,FALSE,FALSE,2122807
75,4 West St,1035,Hadley,MA,42.348617,-72.596276,SingleFamily,2019,596300,1750,31363,4468,4,FALSE,1/6/98,USD:387500,1134863
76,116 Bay Rd,1035,Hadley,MA,42.334519,-72.583073,VacantResidentialLand,2019,139200,1890,52707,2238,FALSE,FALSE,FALSE,FALSE,0
77,8 Bayberry Ln,1035,Hadley,MA,42.42073,-72.560854,SingleFamily,2019,852700,2009,34848,4900,6,16,7/24/12,USD:837500,856617
78,51 North St,1038,Hatfield,MA,42.381864,-72.6009,SingleFamily,2019,278300,1960,29620,1400,1,5,FALSE,FALSE,253668
79,26 Pleasant View Dr,1038,Hatfield,MA,42.379839,-72.602893,SingleFamily,2019,360900,1965,17424,2900,3,9,1/23/08,USD:352000,499402
80,11 Gore Ave,1038,Hatfield,MA,42.376632,-72.621153,SingleFamily,2019,238700,1960,29316,1371,1,6,FALSE,FALSE,249495
81,138 N Hatfield Rd,1038,Hatfield,MA,42.403253,-72.614418,SingleFamily,2019,286133,1900,653400,1188,1,6,FALSE,FALSE,0
82,0 Circle Dr,1038,Hatfield,MA,42.380651,-72.6244,VacantResidentialLand,FALSE,FALSE,FALSE,479160,FALSE,FALSE,FALSE,FALSE,FALSE,0
83,Cider Ml LOT 9A,1039,Williamsburg,MA,42.430698,-72.674027,VacantResidentialLand,FALSE,FALSE,FALSE,84506,FALSE,FALSE,FALSE,FALSE,FALSE,0
84,14 Sampson Rd,1050,Huntington,MA,42.268397,-72.827765,SingleFamily,2019,271600,1979,318423,2147,2,6,FALSE,FALSE,0
85,56 Worthington Rd,1050,Huntington,MA,42.244209,-72.870714,SingleFamily,2019,166900,1950,45737,1764,4,5,FALSE,FALSE,267124
86,10 Lowell Ln,1050,Huntington,MA,42.265665,-72.860761,SingleFamily,2019,311600,1984,115434,2850,3,9,7/29/14,USD:369000,320406
87,49 County Rd,1050,Huntington,MA,42.261232,-72.849974,SingleFamily,2019,279400,2014,97138,2356,3,7,11/28/07,USD:55000,415715
88,3 Old Chester Rd,1050,Huntington,MA,42.238158,-72.881789,SingleFamily,2019,158900,2019,670388,1640,2,5,6/24/88,USD:112000,324007
89,4 Pine St,1050,Huntington,MA,42.236885,-72.874583,SingleFamily,2019,153400,1890,13068,1999,1,8,FALSE,FALSE,70505
90,14 Barr Hill Rd,1050,Huntington,MA,42.2807,-72.857932,SingleFamily,2019,237200,1991,144619,2132,3,6,6/30/16,USD:239900,274343
91,1 Florence St # 7,1053,Leeds,MA,42.353374,-72.698986,Condominium,2019,279600,1900,FALSE,1500,2,7,7/29/94,USD:147500,0
92,705 Fairway Vlg # 705,1053,Leeds,MA,42.344777,-72.694609,Condominium,FALSE,FALSE,1987,FALSE,1312,3,FALSE,FALSE,FALSE,244331
93,112 Fairway Vlg # 112,1053,Leeds,MA,42.345077,-72.696533,Condominium,FALSE,FALSE,1987,FALSE,1462,2,FALSE,FALSE,FALSE,231497
94,1 Florence St # 3,1053,Leeds,MA,42.353374,-72.698986,Condominium,2019,189200,1880,FALSE,1015,1,3,1/2/07,USD:148000,177290
95,112 Fairway Vlg # 112,1053,Leeds,MA,42.345077,-72.696533,Condominium,FALSE,FALSE,1987,FALSE,1462,2,FALSE,FALSE,FALSE,231497
96,1 Florence St # 5,1053,Leeds,MA,42.353374,-72.698986,Condominium,2019,215300,1900,FALSE,1155,1,4,7/13/14,USD:180000,0
97,30 Village Hill Rd # 104,1060,Northampton,MA,42.312961,-72.647829,Condominium,2019,326300,1930,FALSE,1106,2,3,FALSE,FALSE,299654
98,21 Valley St,1060,Northampton,MA,42.314607,-72.621836,MultiFamily2To4,2019,250400,1900,6534,1479,2,6,FALSE,FALSE,222335
99,26 Crescent St APT 102,1060,Northampton,MA,42.323433,-72.638429,Condominium,2019,120100,1950,FALSE,1092,1,5,12/31/01,USD:162000,218190
100,30 Village Hill Rd # 101,1060,Northampton,MA,42.312961,-72.647829,Condominium,2019,345200,1930,42166,1170,2,3,FALSE,FALSE,0
101,162 Prospect Ave APT 6,1060,Northampton,MA,42.336149,-72.648558,Condominium,2019,180300,1979,2178,1280,2,5,4/2/15,USD:154000,221223
102,30 Village Hill Rd # 106,1060,Northampton,MA,42.312961,-72.647829,Condominium,2019,276100,1930,FALSE,936,2,4,FALSE,FALSE,0
103,112 Dunphy Dr,1062,Northampton,MA,42.301975,-72.679784,SingleFamily,2019,204500,1976,16552,1162,1,5,9/26/97,USD:126000,220760
104,52 Longview Dr,1062,Northampton,MA,42.313534,-72.690645,SingleFamily,2019,202400,1970,19166,1008,2,6,10/27/17,USD:243000,236345
105,7 Florence Rd,1062,Northampton,MA,42.329502,-72.678728,SingleFamily,2019,220300,1919,15246,1364,1,5,4/21/98,USD:122000,223873
106,15 Brierwood Dr,1062,Northampton,MA,42.319369,-72.691086,SingleFamily,2019,203100,1965,12196,1200,2,7,8/5/19,USD:136000,233012
107,104 Dunphy Dr,1062,Northampton,MA,42.301908,-72.679407,SingleFamily,2019,204700,1976,16117,1464,2,7,2/25/93,USD:27990,276190
108,213 Park Hill Rd,1062,Northampton,MA,42.296555,-72.682259,VacantResidentialLand,2019,123500,FALSE,68824,FALSE,FALSE,FALSE,FALSE,FALSE,0
109,615 W Main St,1070,Plainfield,MA,42.540596,-72.941645,SingleFamily,2019,147600,1950,47916,1576,2,5,1/1/01,USD:1000,246532
110,6 Upper Liberty St,1070,Plainfield,MA,42.523458,-72.933941,SingleFamily,2019,234300,1989,244371,2944,2,7,9/13/06,USD:100000,0
111,23 Mountain St,1070,Plainfield,MA,42.499952,-72.952731,SingleFamily,2019,196200,1986,1045440,1904,2,8,7/22/97,USD:4000,311287
112,678 W Main St,1070,Plainfield,MA,42.540565,-72.953887,SingleFamily,2019,399700,1986,130680,660,1,4,FALSE,FALSE,389298
113,79 West St,1070,Plainfield,MA,42.529656,-72.968899,SingleFamily,2019,127500,1960,227383,1713,2,6,FALSE,FALSE,108858
114,203 Summit St,1070,Plainfield,MA,42.50221,-72.92857,SingleFamily,2019,109500,1946,653400,1913,1,6,FALSE,FALSE,107109
115,11 Helen Dr,1073,Southampton,MA,42.235704,-72.72122,SingleFamily,2019,229200,1963,17424,1200,1,5,9/16/11,USD:135000,269086
116,9 Russellville Rd,1073,Southampton,MA,42.219562,-72.745524,SingleFamily,2019,196900,1935,14810,1376,1,5,1/31/11,USD:180000,222702
117,8 Strong Rd,1073,Southampton,MA,42.221452,-72.721808,SingleFamily,2019,174100,1976,142876,1272,1,4,FALSE,FALSE,252159
118,196 County Rd,1073,Southampton,MA,42.20011,-72.688526,SingleFamily,2019,218700,1950,37897,1440,2,8,8/29/03,USD:172000,318630
119,154 Fomer Rd,1073,Southampton,MA,42.234164,-72.769153,SingleFamily,2019,329100,2001,112384,1760,3,7,FALSE,FALSE,375621
120,63 East St,1073,Southampton,MA,42.223517,-72.719647,SingleFamily,2019,242300,1862,153766,1505,1,7,FALSE,FALSE,295778
121,25 Edison Dr,1075,South Hadley,MA,42.247108,-72.559277,SingleFamily,2019,259100,1971,24829,1512,2,7,FALSE,FALSE,272993
122,32 Highland Ave,1075,South Hadley,MA,42.229418,-72.600588,SingleFamily,2019,279700,1984,30056,1992,2,FALSE,7/30/15,USD:287500,322422
123,285 Brainerd St,1075,South Hadley,MA,42.238541,-72.597408,SingleFamily,2019,249500,1963,22651,1356,2,5,4/27/01,USD:161000,257000
124,27 Bardwell St # 2,1075,South Hadley,MA,42.217557,-72.59752,Condominium,FALSE,FALSE,2018,FALSE,1733,3,FALSE,FALSE,FALSE,286457
125,16 Lorraine Ave,1075,South Hadley,MA,42.224337,-72.581237,SingleFamily,2019,189500,1950,8712,1320,2,FALSE,FALSE,FALSE,212011
126,3 Pleasant St,1075,South hadley,MA,42.214897,-72.592797,SingleFamily,2019,203000,1920,7840,1872,2,11,3/5/13,USD:50000,235003
127,15 Fulton St,1075,South Hadley,MA,42.237947,-72.585866,SingleFamily,2019,172300,1951,9583,1150,3,6,3/30/06,USD:179400,213573
128,27 Bardwell St # 2,1075,South Hadley,MA,42.217557,-72.59752,Condominium,FALSE,FALSE,2018,FALSE,1733,3,FALSE,FALSE,FALSE,286457
129,1 Coffey Hill Rd,1082,Ware,MA,42.257855,-72.311194,SingleFamily,2019,198800,2019,60112,1499,2,7,6/23/94,USD:100500,245551
130,134 Church St,1082,Ware,MA,42.27093,-72.231074,SingleFamily,2019,173400,1949,19166,1721,2,8,9/12/11,USD:175000,233218
131,1824 Greenwich Rd,1082,Hardwick,MA,42.305941,-72.244688,SingleFamily,2019,257000,2004,43560,2080,3,7,4/1/16,USD:251400,292287
132,411 Thayer Rd,1082,Hardwick,MA,42.328241,-72.263503,SingleFamily,2019,169100,1994,82328,1150,2,7,5/23/94,USD:107270,241914
133,93 Old Poor Farm Rd,1082,Ware,MA,42.299386,-72.270969,SingleFamily,2019,221700,1988,90169,1595,2,6,8/1/05,USD:263000,247885
134,411 Thayer Rd,1082,Hardwick,MA,42.328241,-72.263503,SingleFamily,2019,169100,1994,82328,1150,2,7,5/23/94,USD:107270,241914
135,27 Berkshire Dr,1082,Ware,MA,42.268299,-72.254722,SingleFamily,2019,226900,1996,27442,1104,2,8,3/4/16,USD:189900,201870
136,35 Pantry Rd,1088,West Hatfield,MA,42.396071,-72.636055,SingleFamily,2019,375600,1989,434728,1960,3,7,8/2/19,USD:335065,308399
137,7 Linseed Hill Rd,1088,West Hatfield,MA,42.3754,-72.641869,SingleFamily,2019,324300,2006,101059,1608,2,6,FALSE,FALSE,346489
138,5 Petticoat Hill Rd,1096,Williamsburg,MA,42.386063,-72.762644,VacantResidentialLand,2019,192900,1950,1627401,1125,FALSE,6,5/17/89,USD:136000,0
139,2 Hyde Hill Rd,1096,Williamsburg,MA,42.404939,-72.770059,SingleFamily,2019,166800,1860,21780,1270,1,6,FALSE,FALSE,123866
140,26 S Main St,1096,Williamsburg,MA,42.429941,-72.793863,SingleFamily,2019,385400,1860,43560,2922,2,8,FALSE,FALSE,385855
141,107 Main Rd,1096,Williamsburg,MA,42.381449,-72.708326,SingleFamily,2019,224200,1880,43560,1426,1,6,FALSE,FALSE,267423
142,103 Bissell Rd,1096,Goshen,MA,42.414828,-72.812486,SingleFamily,2019,186200,2000,115869,1152,2,4,3/31/99,USD:21000,114760
143,48 South St,1096,Williamsburg,MA,42.381418,-72.732554,SingleFamily,2019,563000,2002,432550,2800,3,6,9/26/12,USD:412500,625820
144,180 Harvey Rd,1098,Worthington,MA,42.39705,-72.919244,SingleFamily,2019,151100,1825,28749,1546,2,7,FALSE,FALSE,0
145,221 Old Post Rd,1098,Worthington,MA,42.410018,-72.936951,SingleFamily,2019,391500,1973,139392,2895,3,10,FALSE,FALSE,621231
146,561 Dingle Rd,1098,Worthington,MA,42.428539,-72.924028,SingleFamily,2019,135200,1975,93218,1488,1,6,FALSE,FALSE,77796
147,141 Buffington Hill Rd,1098,Worthington,MA,42.41435,-72.949624,SingleFamily,2019,231800,1947,65340,2962,3,8,FALSE,FALSE,270271
148,328 Ridge Rd,1098,Worthington,MA,42.421045,-72.953138,SingleFamily,2019,385100,1804,658191,2328,3,7,6/2/17,USD:306000,334940
149,266 Old North Rd,1098,Worthington,MA,42.425482,-72.950349,SingleFamily,2019,346800,1998,573685,2112,3,6,4/20/01,USD:8000,358617
150,40 Old Post Rd,1098,Worthington,MA,42.408527,-72.93353,SingleFamily,2019,141300,1860,20473,1309,2,4,9/15/11,USD:156000,0
151,32 Old Post Rd,1098,Worthington,MA,42.409075,-72.933364,SingleFamily,2019,364600,1855,169884,3144,2,10,3/4/09,USD:370273,477631
152,139 Arthur Pease Rd,1243,Middlefield,MA,42.347739,-72.998939,SingleFamily,2019,347200,1972,87120,3178,3,7,9/6/07,USD:341500,365972
153,9 Bell Rd,1243,Middlefield,MA,42.346382,-73.011541,SingleFamily,2019,135500,1924,958320,1162,1,6,FALSE,FALSE,0
154,45 Chester Rd,1243,Middlefield,MA,42.329368,-73.000548,SingleFamily,2019,195800,1999,134600,1544,2,4,1/31/07,USD:215000,236458
155,142 West Hl,1243,Hinsdale,MA,42.352176,-73.049553,SingleFamily,FALSE,FALSE,1988,626828,1953,2,FALSE,FALSE,FALSE,348820
156,69 Chipman Rd,1243,Middlefield,MA,42.369325,-73.001866,SingleFamily,2019,228800,1788,295772,2400,2,9,11/15/88,USD:60000,260797
157,164 Skyline Trl,1243,Middlefield,MA,42.34906,-73.014645,SingleFamily,2019,167400,1800,16988,1913,2,6,1/10/01,USD:20000,0
158,122 Upland Ave,2461,Newton,MA,42.314866,-71.207867,SingleFamily,2019,1027900,1940,12632,2820,4,9,9/9/04,USD:800000,1175003
159,47 Myerson Ln,2459,Newton,MA,42.295388,-71.184822,SingleFamily,2019,667000,1955,11325,2300,3,9,FALSE,FALSE,1045960
160,38 Grayson Ln,2462,Newton,MA,42.32706,-71.262831,SingleFamily,2019,1620100,2000,8712,3630,5,10,1/18/02,USD:1147073,1613126
161,220 Chapel St,2458,Newton,MA,42.358564,-71.197218,SingleFamily,2019,543700,1890,5994,2085,3,8,1/22/19,USD:575000,803956
162,1099 A+b Walnut,2461,Newton,MA,42.323802,-71.20749,MultiFamily2To4,FALSE,FALSE,1918,13503,4080,5,FALSE,FALSE,FALSE,1899976
163,188 Mount Vernon St,2465,Newton,MA,42.348203,-71.217748,SingleFamily,FALSE,FALSE,2019,20037,6800,8,FALSE,FALSE,FALSE,3810038
164,35 Spiers Rd,2459,Newton,MA,42.289203,-71.187116,SingleFamily,2019,534600,1950,9147,1419,2,6,6/3/08,USD:457000,1755013
165,12-14 Rockland St,2458,Newton,MA,42.359832,-71.191201,MultiFamily2To4,2019,607500,1928,4356,2304,2,12,8/21/90,USD:265000,967417
166,309 Kenrick St,2458,Newton,MA,42.346781,-71.176294,SingleFamily,2019,643900,1956,7500,1287,2,7,6/16/06,USD:519000,1499421
167,3 Prospect St,2465,Newton,MA,42.346737,-71.235043,SingleFamily,2019,494400,1897,2178,1610,1,9,5/24/19,USD:525000,593725
168,816 Dedham St,2459,Newton,MA,42.29865,-71.18533,SingleFamily,2019,1036400,1940,13503,3188,4,8,1/19/07,USD:815000,1272982
169,45 Wiswall Rd,2459,Newton,MA,42.296909,-71.185787,SingleFamily,2019,880300,1952,15246,2560,3,6,7/29/08,USD:630000,1049912
170,44 Thaxter Rd,2460,Newton,MA,42.362209,-71.209364,SingleFamily,2019,744900,1890,10454,2482,3,8,6/28/10,USD:579777,977770
171,33 Warren Rd,2468,Waban,MA,42.331701,-71.215595,SingleFamily,2019,829600,1957,10018,4336,6,9,10/26/98,USD:382500,2144126
172,7 Avery Path,2459,Newton,MA,42.291647,-71.183773,SingleFamily,2019,525800,2019,6969,4556,6,7,6/30/08,USD:412000,1750467
173,99 West St,2458,Newton,MA,42.357888,-71.198193,MultiFamily2To4,2019,646600,1895,7405,2560,2,10,9/9/03,USD:520000,1065534
174,1077 Chestnut St APT 2,2464,Newton,MA,42.312247,-71.224955,Condominium,2019,307100,1966,54809,727,1,4,12/3/07,USD:220000,373228
175,63 Clifton Rd,2459,Newton,MA,42.302096,-71.180738,SingleFamily,2019,770500,1949,10000,1761,2,7,9/7/07,USD:645000,1179615
176,11 Caldon Path,2459,Newton,MA,42.292438,-71.186254,SingleFamily,2019,507700,1948,10890,5675,6,6,FALSE,FALSE,2136389
177,69 Evelyn Rd,2468,Waban,MA,42.332536,-71.218821,SingleFamily,2019,1630400,1935,13939,3484,3,10,8/12/13,USD:1299000,1710053
178,9-11 Glazer Rd,2459,Newton,MA,42.328687,-71.190289,MultiFamily2To4,2019,1284300,1951,7405,3906,6,16,8/2/00,USD:700000,1819357
179,321 Lake Ave,2461,Newton,MA,42.323319,-71.205809,VacantResidentialLand,2019,1176600,1900,14810,2761,FALSE,8,6/27/18,USD:1475000,0
180,14 Ellis St,2464,Newton,MA,42.316141,-71.226522,SingleFamily,2019,528100,1888,16117,1080,1,7,FALSE,FALSE,639645
181,169 Washington St APT 13,2458,Newton,MA,42.356494,-71.180832,Condominium,2019,527400,1905,19381,1378,2,6,9/6/16,USD:489000,578887
182,655 Beacon St,2459,Newton,MA,42.331489,-71.187211,SingleFamily,2019,1875000,2018,11325,4405,6,9,8/23/94,USD:55000,1944410
183,391 Walnut St UNIT 8,2460,Newton,MA,42.347704,-71.207253,Condominium,2019,1027700,1940,40592,2581,3,7,11/14/16,USD:960000,1178011
184,1099 Walnut St,2461,Newton,MA,42.323855,-71.207291,SingleFamily,2019,1362200,1918,13503,4080,5,11,2/15/08,USD:1300000,1902230
185,326 Austin St,2465,Newton,MA,42.348031,-71.221679,SingleFamily,2019,552700,1950,10454,1130,2,5,5/10/16,USD:590000,685873
186,152 Waban Ave,2468,Waban,MA,42.323928,-71.237352,SingleFamily,2019,1335200,2019,15246,7807,7,11,11/29/95,USD:590000,4983662
187,152 Suffolk Rd,2467,Chestnut Hill,MA,42.328661,-71.171596,SingleFamily,2019,2857200,1904,69696,14109,12,15,9/15/17,USD:3100000,10965351
188,405 Langley Rd APT 12,2459,Newton,MA,42.3201,-71.183747,Condominium,2019,554800,1978,11718,1724,2,6,12/1/97,USD:250000,734399
189,279 Fuller St,2465,Newton,MA,42.338058,-71.230994,SingleFamily,2019,2165700,1813,46609,3456,5,10,FALSE,FALSE,2307470
190,250 Hammond Pond Pkwy APT 614S,2467,Chestnut Hill,MA,42.321293,-71.17992,Condominium,2019,669800,1975,761642,1285,2,5,4/7/06,USD:407550,714191
191,30 Columbine Rd,2459,Newton,MA,42.299341,-71.177893,SingleFamily,2019,1197200,2019,17859,4560,6,9,FALSE,FALSE,3097964
192,1806 Beacon St,2468,Waban,MA,42.326911,-71.237984,SingleFamily,2019,1649000,1930,18500,3510,3.5,11,5/17/07,USD:1280000,1819851
193,152 Waban Ave,2468,Waban,MA,42.323928,-71.237352,SingleFamily,2019,1335200,2019,15246,7807,7,11,11/29/95,USD:590000,4983662
194,1806 Beacon St,2468,Waban,MA,42.326911,-71.237984,SingleFamily,2019,1649000,1930,18500,3510,3.5,11,5/17/07,USD:1280000,1819851
195,20 Laura Rd,2468,Waban,MA,42.322426,-71.241036,SingleFamily,2019,2946400,1996,54760,5038,5.5,14,2/4/98,USD:100000,3308797
196,37 Radcliffe Rd,2468,Waban,MA,42.320583,-71.227956,SingleFamily,2019,1480900,2019,29185,11075,10,FALSE,FALSE,FALSE,7530091
197,50 Dwhinda Rd,2468,Waban,MA,42.322337,-71.245305,SingleFamily,2019,1011200,1929,9583,2800,3,8,7/7/05,USD:855000,1265847
198,234 Quinobequin Rd,2468,Waban,MA,42.321949,-71.246433,SingleFamily,2019,1210900,1931,11325,3118,4,8,FALSE,FALSE,1292564
199,44 Broadlawn Park APT S2,2467,Chestnut Hill,MA,42.30279,-71.165207,Condominium,FALSE,FALSE,1964,FALSE,645,1,FALSE,FALSE,FALSE,330009
200,8 Beresford Rd,2467,Chestnut Hill,MA,42.309149,-71.171145,SingleFamily,2019,2370100,2017,12196,5017,6,12,8/18/17,USD:2572000,2891673
201,310 Hammond Pond Pkwy UNIT 301,2467,Brookline,MA,42.318607,-71.171872,Condominium,2019,938300,2008,FALSE,1706,2,5,5/9/16,USD:1350000,1199285
202,111 Bellingham Rd,2467,Chestnut Hill,MA,42.304064,-71.150018,SingleFamily,2019,692900,1950,8276,2040,2,6,FALSE,FALSE,1107843
203,2400 Beacon St UNIT 211,2467,Chestnut Hill,MA,42.333606,-71.153141,Condominium,2019,768000,2006,348480,1170,2,4,12/4/16,USD:775000,997767
204,250 Hammond Pond Pkwy APT 614S,2467,Chestnut Hill,MA,42.321293,-71.17992,Condominium,2019,669800,1975,761642,1285,2,5,4/7/06,USD:407550,714191
205,250 Hammond Pond Pkwy APT 504N,2467,Chestnut Hill,MA,42.321251,-71.172313,Condominium,2019,494100,1978,761642,899,2,4,8/14/03,USD:305000,468963
206,250 Hammond Pond Pkwy APT 213N,2467,Chestnut Hill,MA,42.321293,-71.17992,Condominium,2019,494100,1978,761642,899,2,4,3/19/13,USD:318000,497386
207,321 Hammond Pond Pkwy UNIT 203,2467,Brookline,MA,42.31942,-71.171149,Condominium,2019,1073000,2013,FALSE,1389,2,4,11/26/13,USD:860000,1149884
208,35 Commonwealth Ave APT 205,2467,Chestnut Hill,MA,42.339564,-71.168673,Condominium,2019,426100,2007,48787,783,1,3,7/28/08,USD:355000,533473
209,65 Essex Rd,2467,Chestnut Hill,MA,42.331248,-71.163635,SingleFamily,2019,5185100,1920,53143,9282,7,17,11/12/93,USD:1195000,6030619
210,955 Hammond St,2467,Chestnut Hill,MA,42.311726,-71.16427,SingleFamily,2019,1009900,2019,15246,3441,5,6,FALSE,FALSE,2986261
211,12 Acacia Ave,2467,Chestnut Hill,MA,42.332988,-71.166668,SingleFamily,2019,1334200,1930,9583,3582,4,9,FALSE,FALSE,1825518
212,811 Hammond St,2467,Chestnut Hill,MA,42.316634,-71.163372,SingleFamily,2019,1292800,1975,15268,2096,3,6,3/18/96,USD:476250,1455698
213,10 Hammond Pond Pkwy APT 601,2467,Chestnut Hill,MA,42.319772,-71.171618,Condominium,2019,513900,1960,175950,1254,2,5,3/29/19,USD:415000,685450
214,10 Moody St,2467,Newton,MA,42.319875,-71.179122,SingleFamily,2019,684700,FALSE,18295,FALSE,FALSE,FALSE,FALSE,FALSE,1834727
215,280 Boylston St APT 310,2467,Chestnut Hill,MA,42.318699,-71.178641,Condominium,2019,699500,1970,194106,1600,2,5,6/15/94,USD:262000,686666
216,0 Moody St,2467,Newton,MA,42.319887,-71.179184,VacantResidentialLand,FALSE,FALSE,FALSE,18295,FALSE,FALSE,FALSE,FALSE,FALSE,0
217,25 Holly Ln APT 1D,2467,Brookline,MA,42.321976,-71.165583,Condominium,2019,586200,1984,FALSE,1039,2,6,5/24/90,USD:185000,689970
218,44 Broadlawn Park APT 22B,2467,Chestnut Hill,MA,42.30279,-71.165207,Condominium,FALSE,FALSE,1964,FALSE,894,1,FALSE,FALSE,FALSE,419901
219,81 Algonquin Rd,2467,Chestnut Hill,MA,42.342082,-71.171354,Condominium,2019,1094600,1984,215718,2540,3,6,5/19/05,USD:850000,1172392
220,60 Bryon Rd APT 1,2467,Chestnut Hill,MA,42.301208,-71.16787,Condominium,FALSE,FALSE,1950,FALSE,786,1,FALSE,5/28/19,USD:275000,335023
221,640 Hammond St APT 201,2467,Brookline,MA,42.322339,-71.162459,Condominium,2019,1347500,2001,FALSE,2272,3,5,12/15/16,USD:1350000,1389935
222,76 Boylston St APT 5,2467,Chestnut Hill,MA,42.320968,-71.170582,Condominium,2019,368800,1945,62580,710,1,5,7/1/08,USD:265000,369568
223,30 Sheafe St,2467,Chestnut Hill,MA,42.322378,-71.164757,MultiFamily2To4,2019,1171200,1920,3920,2378,3,12,5/1/08,USD:870000,1249598
224,11 Clovelly Rd,2467,Chestnut Hill,MA,42.329832,-71.175087,SingleFamily,2019,2895800,1981,27007,5075,6,10,11/2/06,USD:2400000,3714060
225,250 Hammond Pond Pkwy APT 516S,2467,Chestnut Hill,MA,42.321294,-71.179918,Condominium,2019,548400,1978,761428,944,2,4,3/7/12,USD:275000,496652
226,95 Commonwealth Ave,2467,Chestnut Hill,MA,42.339001,-71.170788,SingleFamily,2019,2574700,1920,20503,6176,5,14,5/30/13,USD:1450000,3338657
227,63 Cramond Rd,2467,Chestnut Hill,MA,42.321092,-71.148369,VacantResidentialLand,FALSE,FALSE,FALSE,72745,FALSE,FALSE,FALSE,FALSE,FALSE,0
228,173 Woodland Rd,2467,Chestnut Hill,MA,42.318418,-71.1623,SingleFamily,2019,3056500,1930,21344,6047,6,13,12/21/17,USD:2500000,3840243
229,66 College Rd,2467,Chestnut Hill,MA,42.334792,-71.171911,SingleFamily,2019,921200,1910,6969,2100,2,8,FALSE,FALSE,1933466
230,11 Hammond Pond Pkwy APT 3,2467,Chestnut Hill,MA,42.319791,-71.171624,Condominium,2019,414800,1945,102864,810,1,6,9/21/06,USD:305000,439216
231,17 Devon Rd,2467,Chestnut Hill,MA,42.325798,-71.162545,SingleFamily,2019,2743900,1890,17986,4281,4.5,12,12/15/04,USD:2000000,2930585
232,250 Hammond Pond Pkwy APT 416S,2467,Chestnut Hill,MA,42.321293,-71.17992,Condominium,2019,538800,1978,761642,989,2,4,FALSE,FALSE,523096
233,99 Pond Ave APT 607,2445,Brookline,MA,42.330482,-71.115346,Condominium,2019,557200,1970,FALSE,870,1,3,FALSE,FALSE,565413
234,294 Walnut St APT 4,2445,Brookline,MA,42.328135,-71.126029,Condominium,2019,521000,1862,FALSE,850,1,3,6/1/10,USD:325163,542186
235,44 Kilsyth Rd APT B,2445,Brookline,MA,42.339069,-71.144771,Condominium,2019,407400,1910,FALSE,595,1,3,10/31/17,USD:420000,501431
236,77 Pond Ave APT 305,2445,Brookline,MA,42.330482,-71.115346,Condominium,2019,749000,1970,FALSE,1265,2,4,6/29/09,USD:335000,819006
237,FALSE,FALSE,FALSE,FALSE,FALSE,FALSE,FALSE,FALSE,FALSE,FALSE,FALSE,FALSE,FALSE,FALSE,FALSE,FALSE,0
238,30 Cameron St APT 5,2445,Brookline,MA,42.331226,-71.124012,Condominium,2019,728500,1999,FALSE,1192,2,5,1/31/05,USD:449000,699579
239,33 Pond Ave APT 203,2445,Brookline,MA,42.330482,-71.115346,Condominium,2019,658300,1970,FALSE,1005,2,4,1/7/92,USD:100,744362
240,14 Allerton St,2445,Brookline,MA,42.329646,-71.118516,SingleFamily,2019,2456200,2019,21780,7450,8,23,7/12/17,USD:2414100,12626345
241,186+190 Warren St,2445,Brookline,MA,42.322477,-71.130455,VacantResidentialLand,FALSE,FALSE,FALSE,81457,FALSE,FALSE,FALSE,FALSE,FALSE,0
242,190 Warren St,2445,Brookline,MA,42.322106,-71.1303,SingleFamily,2019,3211300,1862,40075,2434,3,5,1/8/04,USD:1675000,3631051
243,186 Warren St,2445,Brookline,MA,42.322478,-71.130455,SingleFamily,2019,3262300,1919,41817,4158,4,9,7/14/05,USD:2300000,3618421
244,45 Leicester St,2445,Brookline,MA,42.328543,-71.139804,SingleFamily,2019,3193300,2019,34848,9600,8,12,FALSE,FALSE,7811826
245,28 Juniper St APT 83,2445,Brookline,MA,42.33038,-71.11636,Condominium,2019,419400,1965,FALSE,638,1,4,FALSE,FALSE,493321
246,1 Winter Pl # 4,2108,Boston,MA,42.355541,-71.061362,Condominium,FALSE,FALSE,1832,FALSE,3323,3,FALSE,FALSE,FALSE,0
247,45 Province St APT 2404,2108,Boston,MA,42.357246,-71.059999,Condominium,2019,5421377,2007,3319,3319,4,6,9/23/13,USD:4490000,6079978
248,97 Mount Vernon St UNIT 24,2108,Boston,MA,42.358062,-71.069743,Condominium,2019,600500,1920,526,526,1,3,4/28/10,USD:425100,630701
249,43 Winter St SUITE 3,2108,Boston,MA,42.356188,-71.061698,Condominium,2019,925100,1899,1435,1435,2,4,11/5/07,USD:695000,1219113
250,5 Otis Pl APT 1,2108,Boston,MA,42.356978,-71.072081,Condominium,2019,1236400,2005,1350,1350,3,5,8/18/09,USD:1100000,1660138
251,1 Louisburg Sq UNIT 5,2108,Boston,MA,42.358154,-71.068315,Condominium,2019,1218900,1850,683,683,1,3,5/6/11,USD:875000,1362129
252,40 Mount Vernon St # 5B,2108,Boston,MA,42.358152,-71.066419,Condominium,2019,1413400,1850,1369,1369,2,5,6/5/98,USD:595000,1950862
253,17 Louisburg Sq,2108,Boston,MA,42.358677,-71.068429,SingleFamily,2019,1.02E+07,1899,1742,7610,5,11,5/10/94,USD:1560000,19583367
254,45 Province St # U2901,2108,Boston,MA,42.357231,-71.060012,Condominium,FALSE,FALSE,2009,FALSE,2628,3,FALSE,FALSE,FALSE,4425387
255,21 Brimmer St,2108,Boston,MA,42.358092,-71.072121,SingleFamily,2019,5583300,1899,2178,5111,5,9,FALSE,FALSE,8266550
256,45 Province St APT 910,2108,Boston,MA,42.357246,-71.059999,Condominium,2019,1140896,2009,1235,1235,2,3,9/24/13,USD:990000,1149422
257,142 Chestnut St APT 7,2108,Boston,MA,42.356252,-71.072592,Condominium,FALSE,FALSE,1930,FALSE,3463,4,FALSE,FALSE,FALSE,3780982
258,89 Beacon St,2108,Boston,MA,42.35591,-71.071895,Condominium,2019,198700,1852,16500,5703,7,FALSE,FALSE,FALSE,0
259,13 Walnut St UNIT 1,2108,Boston,MA,42.357607,-71.066184,Condominium,2019,2588300,2017,FALSE,2095,4,6,FALSE,FALSE,2871917
260,4 Joy St # I,2108,Boston,MA,42.357818,-71.06529,Condominium,FALSE,FALSE,1900,FALSE,2754,4,FALSE,FALSE,FALSE,4684821
261,14 Walnut St,2108,Boston,MA,42.358122,-71.066046,SingleFamily,2019,9385900,1803,5662,7122,9,18,11/11/15,USD:49900,14453950
262,32 Lime St,2108,Boston,MA,42.357051,-71.071347,SingleFamily,2019,4359500,1890,1306,5194,5,7,8/1/95,USD:765000,6078792
263,7 Willow St,2108,Boston,MA,42.357637,-71.068249,SingleFamily,2019,2336900,1890,871,2065,3,8,7/16/92,USD:800000,2810393
264,86 Chestnut St,2108,Boston,MA,42.356726,-71.070404,SingleFamily,FALSE,FALSE,2019,1306,3607,5,FALSE,FALSE,FALSE,6095052
265,3 Joy St # II,2108,Boston,MA,42.357826,-71.065394,Condominium,FALSE,FALSE,1900,FALSE,1483,2,FALSE,FALSE,FALSE,2890057
266,8 Mount Vernon Pl,2108,Boston,MA,42.357839,-71.064962,SingleFamily,2019,1.06E+07,1899,3484,9768,9,16,3/31/08,USD:9375000,23975955
267,49 Beacon St UNIT 1,2108,Boston,MA,42.356836,-71.067588,Condominium,2019,761400,1850,782,782,1,3,3/8/10,USD:485000,833138
268,3 Winter Pl # 1-2,2108,Boston,MA,42.355425,-71.061403,Condominium,2019,2961675,1899,3435,3435,3,6,FALSE,FALSE,2673478
269,67A Chestnut St,2108,Boston,MA,42.357156,-71.069906,SingleFamily,FALSE,FALSE,1890,871,5343,5,FALSE,FALSE,FALSE,5840132
270,75 Beacon St # 1,2108,Boston,MA,42.35617,-71.070495,Condominium,FALSE,FALSE,1899,FALSE,3384,4,FALSE,FALSE,FALSE,8573437
271,20 W Cedar St,2108,Boston,MA,42.358218,-71.06979,SingleFamily,2019,4691100,1830,1742,4068,5,6,6/1/00,USD:2875000,5186075
272,45 Province St APT 2702,2108,Boston,MA,42.357246,-71.059999,Condominium,2019,2412587,2009,1636,1636,2,4,2/11/14,USD:2235000,2280918
273,5 Joy St,2108,Boston,MA,42.358,-71.0654,Condominium,FALSE,FALSE,1900,FALSE,3828,4,FALSE,5/3/19,USD:2905000,2920168
274,40 Beacon St # 4,2108,Boston,MA,42.357236,-71.066364,Condominium,2019,5295548,1899,6710,4352,4,7,6/30/93,USD:700000,9952224
275,45 Burnett St APT 111,2130,Boston,MA,42.304336,-71.110902,Condominium,FALSE,FALSE,2019,FALSE,782,1,FALSE,FALSE,FALSE,539117
276,76 Elm St APT 318,2130,Boston,MA,42.308911,-71.110979,Condominium,2019,173700,1926,690,690,1,3,10/27/14,USD:150000,187857
277,3531 Washington St UNIT 226,2130,Boston,MA,42.305369,-71.108998,Condominium,FALSE,FALSE,2019,FALSE,1388,2,FALSE,FALSE,FALSE,891457
278,98-100 Rossmore Rd # 3,2130,Boston,MA,42.303407,-71.104873,Condominium,2019,485900,1910,5662,1137,1,5,FALSE,FALSE,543928
279,101 Heath St # 202,2130,Boston,MA,42.326527,-71.102116,Condominium,FALSE,FALSE,2019,FALSE,1035,1,FALSE,FALSE,FALSE,640998
280,101 Heath St # 201,2130,Boston,MA,42.326527,-71.102116,Condominium,FALSE,FALSE,2019,FALSE,1395,2,FALSE,FALSE,FALSE,761989
281,92 Seaverns Ave # 2,2130,Boston,MA,42.310982,-71.109321,Condominium,FALSE,FALSE,1892,FALSE,1513,3,FALSE,FALSE,FALSE,1200009
282,11 Minton St,2130,Boston,MA,42.313125,-71.104125,MultiFamily2To4,FALSE,FALSE,1900,2613,2608,6,FALSE,FALSE,FALSE,1293333
283,33 Evergreen St,2130,Boston,MA,42.324517,-71.110629,MultiFamily2To4,2019,1024900,1920,15681,2575,2,8,FALSE,FALSE,1923711
284,45 Burnett St APT 309A,2130,Boston,MA,42.304822,-71.11033,Condominium,FALSE,FALSE,2019,FALSE,1245,2,FALSE,FALSE,FALSE,824858
285,111 Perkins St APT 061,2130,Boston,MA,42.32212,-71.116046,Cooperative,FALSE,FALSE,1963,FALSE,845,1,4,FALSE,FALSE,311981
286,40 Bournedale Rd,2130,Boston,MA,42.291505,-71.115074,SingleFamily,2019,475200,1915,4356,1560,2,6,FALSE,FALSE,807464
287,3193 Washington St # 206,2130,Boston,MA,42.312798,-71.101595,Condominium,FALSE,FALSE,FALSE,FALSE,630,1,FALSE,FALSE,FALSE,507417
288,30 Mozart St # A,2130,Boston,MA,42.321877,-71.104577,Condominium,FALSE,FALSE,1900,FALSE,1145,2,FALSE,FALSE,FALSE,706959
289,30 Mozart St APT 3,2130,Boston,MA,42.32195,-71.10468,Condominium,FALSE,FALSE,2019,FALSE,1200,2,FALSE,FALSE,FALSE,690695
290,111 Perkins St APT 096,2130,Boston,MA,42.32212,-71.116046,Cooperative,FALSE,FALSE,1963,FALSE,1130,1,5,FALSE,FALSE,481716
291,241 Perkins St UNIT A101,2130,Boston,MA,42.321732,-71.122245,Condominium,2019,774200,1979,3359,2998,3,6,1/27/11,USD:1572,825000
292,109 Call St # 109,2130,Boston,MA,42.306962,-71.110486,Townhouse,FALSE,FALSE,2019,8276,1720,3,FALSE,FALSE,FALSE,1175007
293,111 Perkins St APT 107,2130,Boston,MA,42.322132,-71.11605,Cooperative,FALSE,FALSE,1963,FALSE,1130,1,5,FALSE,FALSE,506286
294,45 Burnett St APT 104,2130,Boston,MA,42.304336,-71.110902,Condominium,FALSE,FALSE,2019,FALSE,1282,2,FALSE,FALSE,FALSE,825404
295,285 Heath St # 285,2130,Boston,MA,42.328449,-71.109489,Condominium,FALSE,FALSE,1988,FALSE,1028,1,FALSE,FALSE,FALSE,390673
296,30 Mozart St APT 1,2130,Boston,MA,42.32195,-71.10468,Condominium,FALSE,FALSE,FALSE,FALSE,1145,2,FALSE,FALSE,FALSE,675976
297,37 Morton St # A,2130,Boston,MA,42.300516,-71.110796,Condominium,FALSE,FALSE,1989,FALSE,1439,2,FALSE,FALSE,FALSE,504890
298,102 Williams St # 2,2130,Boston,MA,42.305154,-71.105841,Condominium,2019,425400,1905,FALSE,838,1,3,6/11/15,USD:411000,529162
299,61 Slocum Rd,2130,Boston,MA,42.309308,-71.125035,SingleFamily,2019,658900,1962,6969,1666,3,8,FALSE,FALSE,826775
300,62 Saint Rose St APT 1,2130,Boston,MA,42.304412,-71.117246,Condominium,FALSE,FALSE,1910,FALSE,1946,2,FALSE,FALSE,FALSE,809007
301,3 Louders Ln,2130,Boston,MA,42.306204,-71.125201,SingleFamily,2019,676400,1965,6534,1715,2,7,FALSE,FALSE,801311
302,3193 Washington St # 302,2130,Boston,MA,42.312798,-71.101595,Condominium,FALSE,FALSE,FALSE,FALSE,1075,1,FALSE,FALSE,FALSE,870233
303,3193 Washington St # 203,2130,Boston,MA,42.312798,-71.101595,Condominium,FALSE,FALSE,FALSE,FALSE,785,1,FALSE,FALSE,FALSE,699779
304,3193 Washington St # 207,2130,Boston,MA,42.312798,-71.101595,Condominium,FALSE,FALSE,FALSE,FALSE,620,1,FALSE,FALSE,FALSE,557614
305,3193 Washington St # 407,2130,Boston,MA,42.312798,-71.101595,Condominium,FALSE,FALSE,FALSE,FALSE,520,1,FALSE,FALSE,FALSE,478745
306,30 Lake Shore Ct # 30C-1,2135,Boston,MA,42.344773,-71.169179,Condominium,FALSE,FALSE,1963,FALSE,1057,2,FALSE,FALSE,FALSE,0
307,8-10 Donnybrook Rd,2135,Boston,MA,42.353969,-71.158843,MultiFamily2To4,2019,781000,1948,6098,2728,3,10,FALSE,FALSE,967881
308,374 Chestnut Hill Ave APT 22,2135,Boston,MA,42.336607,-71.150921,Condominium,2019,318800,1926,688,688,1,4,6/15/05,USD:269000,400251
309,365 Faneuil St APT 8,2135,Boston,MA,42.351991,-71.165864,Condominium,2019,248600,1973,755,755,1,4,11/22/96,USD:62000,420077
310,1607 Commonwealth Ave APT 8,2135,Boston,MA,42.343858,-71.143517,Condominium,2019,330200,1910,589,589,1,3,5/15/09,USD:180000,431362
311,1486 Commonwealth Ave APT 1,2135,Boston,MA,42.346554,-71.140393,Condominium,FALSE,FALSE,1910,FALSE,675,1,FALSE,FALSE,FALSE,403789
312,9 Commonwealth Ct APT 7,2135,Boston,MA,42.346043,-71.140169,Condominium,2019,339200,1964,738,738,1,3,9/27/06,USD:260500,445729
313,23-25 Shannon St,2135,Boston,MA,42.346753,-71.149773,MultiFamily2To4,2019,709600,1920,3484,2461,2,10,FALSE,FALSE,1243279
314,1 Cypress Rd Unit- 105 # Top Floor,2135,Boston,MA,42.354494,-71.149615,Condominium,FALSE,FALSE,1900,FALSE,531,1,FALSE,FALSE,FALSE,403484
315,180 Telford St UNIT 212,2135,Boston,MA,42.363176,-71.137578,Condominium,FALSE,FALSE,2018,FALSE,623,1,FALSE,FALSE,FALSE,648303
316,26 Chiswick Rd APT 1,2135,Boston,MA,42.338536,-71.150827,Condominium,2019,327500,1920,590,590,1,4,5/3/19,USD:352000,362767
317,98 Bennett St,2135,Boston,MA,42.351681,-71.158411,MultiFamily2To4,2019,776700,1920,6098,2772,3,10,10/13/06,USD:475000,1214991
318,7 Larose Pl,2135,Boston,MA,42.345699,-71.147626,SingleFamily,2019,431800,1910,2178,1300,2,10,8/31/95,USD:126500,597079
319,99 Chestnut Hill Ave APT 220,2135,Boston,MA,42.344091,-71.153963,Condominium,2019,520700,1924,897,897,1,4,11/8/19,USD:610000,610218
320,28 Sidlaw Rd APT 15,2135,Boston,MA,42.340296,-71.152788,Condominium,2019,284600,1925,574,574,1,3,3/28/05,USD:515000,399441
321,56-58 Murdock St,2135,Boston,MA,42.351863,-71.147451,MultiFamily2To4,2019,1204000,1915,16988,3650,3,14,FALSE,FALSE,1595007
322,24 Atkins St,2135,Boston,MA,42.352691,-71.170394,Duplex,2019,882100,1925,6311,2864,2,13,FALSE,FALSE,1020907
323,95 Bennett St,2135,Boston,MA,42.352103,-71.158231,MultiFamily2To4,2019,941000,1930,5662,2760,4,15,9/30/98,USD:315000,1225002
324,132 Holton St # 1,2135,Boston,MA,42.36074,-71.139764,Condominium,FALSE,FALSE,2019,FALSE,1669,3,FALSE,FALSE,FALSE,769005
325,132 Holton St # 3,2135,Boston,MA,42.36074,-71.139764,Condominium,FALSE,FALSE,2019,FALSE,1039,2,FALSE,FALSE,FALSE,680318
326,35 Foster St,2135,Boston,MA,42.349685,-71.157269,MultiFamily2To4,2019,910200,1905,3920,3101,3,15,FALSE,FALSE,1094554
327,35 Foster St,2135,Boston,MA,42.349685,-71.157269,MultiFamily2To4,2019,910200,1905,3920,3101,3,15,FALSE,FALSE,1094554
328,44 Waverly St,2135,Boston,MA,42.360882,-71.142722,MultiFamily2To4,2019,525200,2019,5662,4500,9,9,7/2/93,USD:55000,2366192
329,7 Hunnewell Ave APT 3,2135,Boston,MA,42.351944,-71.169027,Condominium,FALSE,FALSE,1925,FALSE,950,1,FALSE,FALSE,FALSE,504622
330,214 Market St # 302,2135,Boston,MA,42.35517,-71.149396,Condominium,FALSE,FALSE,2019,FALSE,1012,2,FALSE,FALSE,FALSE,797214
331,235-237 Chestnut Hill Ave,2135,Boston,MA,42.339751,-71.1556,MultiFamily2To4,2019,1371300,1920,9147,4531,5,14,FALSE,FALSE,2092008
332,40 Orkney Rd APT 3,2135,Boston,MA,42.336718,-71.149763,Condominium,2019,374500,1910,807,807,1,4,7/2/12,USD:315000,573209
333,214 Market St # 209,2135,Boston,MA,42.35517,-71.149396,Condominium,FALSE,FALSE,2019,FALSE,910,1,FALSE,FALSE,FALSE,680506
334,155 Kilsyth Rd,2135,Boston,MA,42.338661,-71.146852,MultiFamily2To4,FALSE,FALSE,1899,13068,8000,6,FALSE,FALSE,FALSE,2638854
335,535-537B Washington,2135,Boston,MA,42.349289,-71.163276,VacantResidentialLand,FALSE,FALSE,FALSE,4791,FALSE,FALSE,FALSE,FALSE,FALSE,0
336,214 Market St # 309,2135,Boston,MA,42.35517,-71.149396,Condominium,FALSE,FALSE,2019,FALSE,910,1,FALSE,FALSE,FALSE,691126
337,36 Bellvista Rd APT 16,2135,Boston,MA,42.346088,-71.136462,Condominium,2019,366500,1965,760,760,1,3,4/23/98,USD:88000,479424
338,132 Holton St # 2,2135,Boston,MA,42.36074,-71.139764,Condominium,FALSE,FALSE,2019,FALSE,878,2,FALSE,FALSE,FALSE,669004
339,132 Holton St,2135,Boston,MA,42.36074,-71.139764,MultiFamily2To4,FALSE,FALSE,2019,3920,3610,7,FALSE,FALSE,FALSE,2054274
340,35 Mount Hood Rd APT 2,2135,Boston,MA,42.342132,-71.142847,Condominium,2019,316800,1938,642,642,1,4,6/30/05,USD:290000,400255
341,1415 Commonwealth Ave APT 102,2135,Boston,MA,42.349284,-71.139035,Condominium,2019,403400,1920,871,720,1,5,3/20/17,USD:465000,525119
342,11 Rose Garden Cir # 11,2135,Brighton,MA,42.341798,-71.158083,Condominium,FALSE,FALSE,1910,FALSE,2487,2,FALSE,FALSE,FALSE,868001
343,214 Market St # 307,2135,Boston,MA,42.35517,-71.149396,Condominium,FALSE,FALSE,2019,FALSE,677,1,FALSE,FALSE,FALSE,622149
344,1662 Commonwealth Ave APT 54,2135,Boston,MA,42.341592,-71.144625,Condominium,2019,289300,1925,632,632,1,3,7/1/05,USD:230690,379776
345,9 Lake Shore Ter APT 1,2135,Boston,MA,42.34428,-71.167181,Condominium,2019,349400,1963,824,824,1,4,FALSE,FALSE,464164
346,26 Edmunds Rd,2481,Wellesley,MA,42.311081,-71.283419,SingleFamily,2019,1648000,1950,24829,3949,4,9,7/13/18,USD:1750000,1836929
347,16 Croton St,2481,Wellesley,MA,42.317869,-71.268843,SingleFamily,2019,1209000,1937,21344,3092,4,10,7/1/88,USD:162000,1441231
348,100 Bristol Rd,2481,Wellesley,MA,42.310805,-71.29433,SingleFamily,2019,1352000,2019,27007,8000,7,14,FALSE,FALSE,3708374
349,9 Madison Rd,2481,Wellesley,MA,42.311435,-71.249177,SingleFamily,2019,1154000,1941,12143,4000,6,11,8/3/99,USD:495000,1677216
350,44 Arlington Rd,2481,Wellesley,MA,42.303945,-71.269349,SingleFamily,2019,2011000,1913,25700,4826,4,14,FALSE,FALSE,2389323
351,241 Lowell Rd,2481,Wellesley,MA,42.311059,-71.298299,SingleFamily,2019,1227000,2019,20908,7700,7,9,FALSE,FALSE,2991605
352,14 Boulder Rd,2481,Wellesley,MA,42.32455,-71.273274,SingleFamily,2019,1126000,2019,22651,7700,6,9,5/24/19,USD:1245000,2880443
353,10 Albion Rd,2481,Wellesley,MA,42.318766,-71.286464,SingleFamily,2019,1503000,2019,24829,7900,9,9,8/24/18,USD:1660000,5656540
354,110 Cliff Rd,2481,Wellesley,MA,42.317049,-71.283475,SingleFamily,FALSE,FALSE,2019,20037,7339,7,FALSE,FALSE,FALSE,3493843
355,84 Audubon Rd,2481,Wellesley,MA,42.308295,-71.291753,SingleFamily,2019,1843000,1999,20037,5812,5,10,7/8/04,USD:1800000,1838446
356,71 Hundreds Rd,2481,Wellesley,MA,42.320712,-71.276779,SingleFamily,2019,3624000,2006,30056,8625,8,14,7/25/14,USD:3775000,4140869
357,144 Glen Rd,2481,Wellesley,MA,42.324817,-71.276644,SingleFamily,2019,2500000,2005,40075,5993,6,12,3/6/06,USD:2525000,2826270
358,81 Emerson Rd,2481,Wellesley,MA,42.315588,-71.256123,SingleFamily,2019,1914000,2015,20037,5038,5,12,1/23/14,USD:675000,1691525
359,11 Mansfield Rd,2481,Wellesley,MA,42.306519,-71.306506,SingleFamily,2019,711000,2019,10018,4725,5,5,6/3/16,USD:687500,2204161
360,34 Lowell Rd,2481,Wellesley,MA,42.315367,-71.285977,SingleFamily,2019,1969000,1934,23958,4272,5,12,10/6/04,USD:1900000,2065773
361,22 Grantland Rd,2481,Wellesley,MA,42.313859,-71.267876,SingleFamily,2019,855000,1928,13068,1440,2,7,1/23/17,USD:880000,955272
362,15 The Waterway,2481,Wellesley,MA,42.322721,-71.268317,VacantResidentialLand,2019,691000,FALSE,15681,FALSE,FALSE,FALSE,9/30/92,USD:86859,0
363,3 Peck Ave,2481,Wellesley,MA,42.30202,-71.277654,SingleFamily,2019,853000,2019,10018,4200,5,7,4/2/19,USD:800000,1945812
364,43 Greylock Rd,2481,Wellesley,MA,42.320414,-71.294441,SingleFamily,2019,2211000,1963,32670,6000,4,11,11/30/07,USD:1732500,2119422
365,68 Woodcliff Rd,2481,Wellesley,MA,42.318939,-71.290325,SingleFamily,2019,3588000,2009,23086,5941,8,10,7/20/11,USD:281500,3950904
366,79 Church St # 79,2472,Watertown,MA,42.368804,-71.182956,Condominium,FALSE,FALSE,1982,FALSE,1732,3,FALSE,FALSE,FALSE,641201
367,131 Coolidge Ave APT 225,2472,Watertown,MA,42.364974,-71.147782,Condominium,2019,442800,1981,FALSE,1270,2,FALSE,FALSE,FALSE,474735
368,125 Marshall St,2472,Watertown,MA,42.37189,-71.182445,MultiFamily2To4,2019,767100,1900,4356,2604,2,12,FALSE,FALSE,914857
369,152 Cypress St # 3,2472,Watertown,MA,42.365702,-71.162461,Condominium,FALSE,FALSE,1900,FALSE,1662,2,FALSE,FALSE,FALSE,699135
370,44 Adams Ave,2472,Watertown,MA,42.371557,-71.166608,SingleFamily,2019,994300,1920,19166,4800,5,7,FALSE,FALSE,2334554
371,151 Maplewood St,2472,Watertown,MA,42.374084,-71.164366,MultiFamily2To4,FALSE,FALSE,1910,5662,4300,2,FALSE,FALSE,FALSE,1462385
372,8 Brandley Rd,2472,Watertown,MA,42.369572,-71.201587,SingleFamily,2019,737700,2006,5227,4000,5,9,6/30/05,USD:405000,898435
373,51 Keenan St # 51,2472,Watertown,MA,42.374709,-71.155377,Condominium,FALSE,FALSE,1907,FALSE,1550,3,FALSE,FALSE,FALSE,832697
374,22-24 Maplewood # 22,2472,Watertown,MA,42.372759,-71.158629,Condominium,FALSE,FALSE,1920,FALSE,2200,3,FALSE,FALSE,FALSE,749913
375,12 Langdon Ave,2472,Watertown,MA,42.371363,-71.163328,SingleFamily,2019,542800,1913,4791,1680,2,7,FALSE,FALSE,706216
376,307 Mount Auburn St # 307,2472,Watertown,MA,42.370067,-71.170969,Condominium,FALSE,FALSE,1910,3049,2769,4,6,FALSE,FALSE,1325000
377,46 Quincy St,2472,Watertown,MA,42.374611,-71.188049,SingleFamily,2019,565600,1928,4791,1675,2,6,FALSE,FALSE,795421
378,6 Belknap Ter,2472,Watertown,MA,42.363049,-71.192341,SingleFamily,2019,534400,1928,4356,1531,2,7,FALSE,FALSE,693468
379,56 Putnam St APT 1,2472,Watertown,MA,42.366576,-71.165697,Condominium,FALSE,FALSE,2019,FALSE,1550,3,FALSE,FALSE,FALSE,599519
380,73 Highland Ave,2472,Watertown,MA,42.374342,-71.197155,SingleFamily,2019,440300,1946,3920,948,2,5,5/1/18,USD:300000,539903
381,14 Maplewood St # 14,2472,Watertown,MA,42.372939,-71.15815,Condominium,FALSE,FALSE,1924,FALSE,1905,2,FALSE,FALSE,FALSE,624364
382,137 Galen St # 2,2472,Watertown,MA,42.360252,-71.185735,Condominium,2019,352200,1880,FALSE,1112,1,2,5/31/13,USD:307000,469830
383,199 Coolidge Ave APT 105,2472,Watertown,MA,42.365679,-71.145931,Condominium,2019,658000,1986,9999,1435,3,5,7/8/96,USD:290000,636502
384,24 Pilgrim Rd,2472,Watertown,MA,42.370818,-71.198841,SingleFamily,2019,461200,1943,6000,984,1,5,3/1/11,USD:315000,539710
385,88 Riverside St # 88,2472,Watertown,MA,42.362974,-71.180166,Condominium,FALSE,FALSE,1886,FALSE,2360,1,8,FALSE,FALSE,520609
386,16 Norfolk Ct,2139,Cambridge,MA,42.367901,-71.098453,SingleFamily,FALSE,FALSE,FALSE,FALSE,1884,4,FALSE,FALSE,FALSE,1526734
387,16 Norfolk Ct # 16,2139,Cambridge,MA,42.367901,-71.098453,Condominium,FALSE,FALSE,FALSE,FALSE,1884,4,FALSE,FALSE,FALSE,1526734
388,178 Harvard St # 178,2139,Cambridge,MA,42.366453,-71.096616,Condominium,FALSE,FALSE,1886,FALSE,2341,3,8,FALSE,FALSE,1521088
389,41 Cottage St,2139,Cambridge,MA,42.363675,-71.107343,SingleFamily,2019,1149300,1854,2613,1511,2,7,4/19/11,USD:680000,1486015
390,114 Inman St UNIT 3,2139,Cambridge,MA,42.372602,-71.100755,Condominium,FALSE,FALSE,1929,FALSE,1946,3,FALSE,FALSE,FALSE,1482549
391,230 Norfolk St # 230,2139,Cambridge,MA,42.369663,-71.097915,Condominium,FALSE,FALSE,1900,FALSE,900,1,4,FALSE,FALSE,709050
392,308 Broadway # TH,2139,Cambridge,MA,42.368351,-71.098831,Condominium,FALSE,FALSE,1900,FALSE,1907,3,FALSE,FALSE,FALSE,1548343
393,114 Inman St # 1,2139,Cambridge,MA,42.372602,-71.100755,Condominium,FALSE,FALSE,1929,FALSE,1822,3,FALSE,FALSE,FALSE,1435040
394,60 Magazine St,2139,Cambridge,MA,42.362113,-71.107585,Condominium,2019,1906100,1930,6121,2685,1,8,12/1/04,USD:1090000,2322657
395,96 Foster St,2138,Cambridge,MA,42.376027,-71.130948,SingleFamily,2019,727600,1873,1306,1740,3,4,9/16/11,USD:125000,1140222
396,6 Dana Pl,2138,Cambridge,MA,42.370537,-71.110268,SingleFamily,FALSE,FALSE,1980,1742,1910,3,7,FALSE,FALSE,1611868
397,80-82 Standish St # 3,2138,Cambridge,MA,42.383306,-71.139901,Condominium,FALSE,FALSE,1927,FALSE,1269,2,FALSE,FALSE,FALSE,964184
398,29 Concord Ave APT 705,2138,Cambridge,MA,42.379706,-71.125616,Condominium,2019,452600,1965,FALSE,495,1,2,11/16/07,USD:250000,631561
399,14 Concord Ave APT 624,2138,Cambridge,MA,42.37862,-71.124798,Condominium,2019,761100,1970,FALSE,1107,2,5,9/13/19,USD:9220,882954
400,154 Fayerweather St # 154,2138,Cambridge,MA,42.3849,-71.1353,Condominium,FALSE,FALSE,2019,FALSE,2293,4,FALSE,FALSE,FALSE,1804472
401,156 Fayerweather St # 156,2138,Cambridge,MA,42.38488,-71.135413,Condominium,FALSE,FALSE,2019,FALSE,2422,4,FALSE,FALSE,FALSE,1865000
402,17 Fresh Pond Pkwy,2138,Cambridge,MA,42.376648,-71.140635,SingleFamily,2019,2838700,1838,40510,6488,8,14,8/22/01,USD:420000,4743112
403,986 Memorial Dr APT 204,2138,Cambridge,MA,42.372897,-71.125464,Condominium,FALSE,FALSE,1917,FALSE,1503,2,FALSE,10/30/18,USD:1999000,1764658
404,38 Fenno St # 38,2138,Cambridge,MA,42.385189,-71.129792,SingleFamily,FALSE,FALSE,FALSE,FALSE,FALSE,FALSE,FALSE,FALSE,FALSE,0
405,47 Homer Ave APT 4-1,2138,Cambridge,MA,42.376498,-71.148141,Condominium,FALSE,FALSE,1970,FALSE,866,1,FALSE,FALSE,FALSE,513965
406,7 Garden Ter # 1,2138,Cambridge,MA,42.382545,-71.128164,Condominium,2019,2469200,1900,1000137,3900,4,8,2/22/15,USD:2387000,4638287
407,11 Channing St,2138,Cambridge,MA,42.375743,-71.135696,SingleFamily,2019,4248200,1890,10454,5945,7,11,11/20/03,USD:3462500,5887375
408,34 Buckingham St,2138,Cambridge,MA,42.379747,-71.12961,SingleFamily,2019,2498600,1882,10018,2661,3,10,2/11/75,USD:56000,2924510
409,17 Story St,2138,Cambridge,MA,42.373767,-71.123089,VacantResidentialLand,FALSE,FALSE,FALSE,13939,FALSE,FALSE,FALSE,FALSE,FALSE,0
410,6 Sacramento St,2138,Cambridge,MA,42.382354,-71.119029,MultiFamily2To4,FALSE,FALSE,1880,6969,11610,8,FALSE,FALSE,FALSE,5787937
411,6 Riedesel Ave,2138,Cambridge,MA,42.378505,-71.131725,SingleFamily,2019,2425600,1887,5662,3418,4,7,FALSE,FALSE,3128639
412,250 Brattle St APT 31,2138,Cambridge,MA,42.375533,-71.14336,Condominium,2019,607900,1900,FALSE,931,1,6,FALSE,FALSE,617133
413,264 Walden St # 2,2138,Cambridge,MA,42.385872,-71.131274,Condominium,2019,653100,1887,FALSE,1389,2.5,5,11/18/05,USD:470000,829959
414,318 Rindge Ave UNIT 414,2140,Cambridge,MA,42.391783,-71.137,Condominium,2019,570100,2005,FALSE,1170,2,5,8/13/18,USD:380000,700005
415,14 Jackson # 14,2140,Cambridge,MA,42.393148,-71.135282,Condominium,FALSE,FALSE,2019,FALSE,1970,4,FALSE,FALSE,FALSE,1528001
416,20 Forest St # 1,2140,Cambridge,MA,42.385023,-71.116477,Condominium,2019,805300,1888,3920,1520,2,6,7/1/10,USD:500000,1290542
417,19 Brookford St,2140,Cambridge,MA,42.399471,-71.134382,SingleFamily,2019,898700,1894,4520,1000,1,10,11/25/09,USD:485000,960480
418,129-205 Richdale Ave UNIT A26,2140,Cambridge,MA,42.389455,-71.127163,Condominium,2019,665200,1988,FALSE,1500,2,5,10/20/06,USD:423000,786801
419,85 Sherman St APT 11,2140,Cambridge,MA,42.389258,-71.132805,Condominium,2019,746100,1997,FALSE,1334,2,5,11/28/97,USD:285000,799001
420,25 Eustis St # 2,2140,Cambridge,MA,42.383608,-71.114707,Condominium,2019,632800,1916,FALSE,825,1,5,7/19/07,USD:335000,685003
421,116 Reed St # 1,2140,Cambridge,MA,42.396606,-71.132377,Condominium,FALSE,FALSE,1869,FALSE,1150,2,FALSE,FALSE,FALSE,795458
422,11-13 Harrison Ave,2140,Cambridge,MA,42.3995,-71.13694,MultiFamily2To4,2019,1061400,1930,4400,2644,2,11,FALSE,FALSE,1371852
423,9 Lancaster St # 1,2140,Cambridge,MA,42.385812,-71.120152,Condominium,2019,1521500,1885,FALSE,2988,3,6,5/11/07,USD:1308000,1822367
424,2353 Massachusetts Ave APT 47,2140,Cambridge,MA,42.396226,-71.129228,Condominium,2019,503800,1973,9999,902,1,3,FALSE,FALSE,579585
425,171 Sherman St,2140,Cambridge,MA,42.391947,-71.133034,Duplex,2019,899300,1871,4245,2086,2.5,8,9/29/00,USD:227300,1097047
426,11 Wesley Park,2143,Somerville,MA,42.382144,-71.097276,MultiFamily2To4,2019,686900,1900,2613,2032,2,10,1/31/97,USD:135500,805858
427,9 Medford St APT 712,2143,Somerville,MA,42.373622,-71.087701,Condominium,FALSE,FALSE,1916,FALSE,969,1,FALSE,FALSE,FALSE,806141
428,16 Pitman St # 18,2143,Somerville,MA,42.384121,-71.108574,MultiFamily2To4,FALSE,FALSE,1920,4356,3060,4,FALSE,FALSE,FALSE,1300023
429,4 Gould Ave # 2,2143,Somerville,MA,42.386987,-71.113175,Condominium,FALSE,FALSE,2019,FALSE,1709,3,FALSE,FALSE,FALSE,1107178
430,260 Beacon St # 204,2143,Somerville,MA,42.382411,-71.111715,Condominium,FALSE,FALSE,2019,FALSE,1473,3,FALSE,FALSE,FALSE,989008
431,9 Medford St # 4,2143,Somerville,MA,42.373622,-71.087701,Condominium,FALSE,FALSE,1916,FALSE,1293,2,FALSE,FALSE,FALSE,1244078
432,9 Medford St PH 5,2143,Somerville,MA,42.373622,-71.087701,Condominium,FALSE,FALSE,1916,FALSE,844,2,FALSE,FALSE,FALSE,806806
433,275 Medford St # 2,2143,Somerville,MA,42.38484,-71.092462,Condominium,2019,484100,1900,FALSE,1600,2,7,6/30/08,USD:355000,796992
434,35 Dane St APT 1,2143,Somerville,MA,42.380799,-71.104394,Condominium,FALSE,FALSE,2019,FALSE,1325,2,FALSE,FALSE,FALSE,979004
435,260 Beacon St # 202,2143,Somerville,MA,42.382411,-71.111715,Condominium,FALSE,FALSE,2019,FALSE,1508,3,FALSE,FALSE,FALSE,1039010
436,17-19 19r Aldersey St,2143,Somerville,MA,42.3819,-71.0994,MultiFamily2To4,FALSE,FALSE,1900,14374,6808,11,FALSE,FALSE,FALSE,3625483
437,7 Carter Ter,2143,Somerville,MA,42.385538,-71.104741,MultiFamily2To4,2019,925500,1900,4038,3339,4,10,11/30/99,USD:340000,1220808
438,119 Highland Ave # A,2143,Somerville,MA,42.387652,-71.100227,Condominium,FALSE,FALSE,1900,FALSE,2018,4,FALSE,FALSE,FALSE,1008987
439,390 Washington St # 2,2143,Somerville,MA,42.378333,-71.105189,Condominium,FALSE,FALSE,1900,FALSE,770,1,FALSE,FALSE,FALSE,669910
440,260 Beacon St # 210,2143,Somerville,MA,42.382372,-71.111959,Condominium,FALSE,FALSE,2018,FALSE,1456,3,FALSE,FALSE,FALSE,978228
441,94 Beacon St APT 36,2143,Somerville,MA,42.376967,-71.105206,Condominium,2019,351800,1976,FALSE,653,1,4,9/8/06,USD:207000,439901
442,94 Beacon St APT 36,2143,Somerville,MA,42.376967,-71.105206,Condominium,2019,351800,1976,FALSE,653,1,4,9/8/06,USD:207000,439901
443,292 Beacon St,2143,Somerville,MA,42.383336,-71.113146,Condominium,2019,1338700,2012,7405,1200,2,FALSE,2/17/17,USD:1750000,1993254
444,18 Prescott St,2143,Somerville,MA,42.384507,-71.099663,SingleFamily,2019,561400,1870,1742,1300,2,6,7/3/95,USD:90000,780981
445,19 Oxford St,2143,Somerville,MA,42.386594,-71.100008,MultiFamily2To4,2019,638600,1920,4356,2412,2,11,8/25/06,USD:514000,937556
446,9 Medford St APT 402,2143,Somerville,MA,42.37413,-71.086875,Condominium,FALSE,FALSE,1916,FALSE,865,1,FALSE,FALSE,FALSE,621321
447,23 Elm St APT 103,2143,Somerville,MA,42.387023,-71.114063,Condominium,2019,620400,1987,FALSE,1053,2,4,7/30/09,USD:359000,690208
448,9 Medford St APT 601,2143,Somerville,MA,42.373622,-71.087701,Condominium,FALSE,FALSE,1916,FALSE,1118,2,FALSE,FALSE,FALSE,933476
449,9 Medford St APT 707,2143,Somerville,MA,42.373622,-71.087701,Condominium,FALSE,FALSE,1916,FALSE,812,1,FALSE,FALSE,FALSE,676003
450,53 Albion St # 2,2143,Somerville,MA,42.390836,-71.105143,Condominium,2019,550700,1900,FALSE,1493,1,7,7/31/02,USD:725000,765620
451,50 Albion St,2143,Somerville,MA,42.39045,-71.105171,SingleFamily,2019,565300,1900,3260,1237,1.5,6,1/19/72,USD:21900,713411
452,10 Allen Ct # 3,2143,Somerville,MA,42.382049,-71.107367,Condominium,FALSE,FALSE,2018,FALSE,1789,3,FALSE,FALSE,FALSE,823624
453,9 Medford St UNIT 606,2143,Somerville,MA,42.374191,-71.086848,Condominium,FALSE,FALSE,2019,FALSE,625,1,FALSE,FALSE,FALSE,525500
454,12 Belmont Sq,2143,Somerville,MA,42.384941,-71.110756,MultiFamily2To4,2019,922200,1885,4874,2035,2,7,10/3/03,USD:520000,1120561
455,9 Medford St APT 308,2143,Somerville,MA,42.374193,-71.086825,Condominium,FALSE,FALSE,2019,FALSE,1140,2,FALSE,FALSE,FALSE,815969
456,669 Somerville Ave,2143,Somerville,MA,42.385089,-71.112378,MultiFamily2To4,2019,1026900,1920,3920,8415,8,20,FALSE,FALSE,4103298
457,25 Alston St,2143,Somerville,MA,42.381646,-71.089659,MultiFamily2To4,2019,619200,1884,2613,3440,6,18,1/30/06,USD:580000,901177
458,15 Hamlet St # 1,2143,Somerville,MA,42.384134,-71.093255,Condominium,2019,975000,1935,FALSE,2400,3.5,11,10/17/06,USD:576222,1140224
459,260 Beacon St # 208,2143,Somerville,MA,42.382411,-71.111715,Condominium,FALSE,FALSE,2018,FALSE,1535,3,FALSE,FALSE,FALSE,0
460,260 Beacon St # 207,2143,Somerville,MA,42.382411,-71.111715,Condominium,FALSE,FALSE,2019,FALSE,1535,3,FALSE,FALSE,FALSE,0
461,11 Cottage St,1760,Natick,MA,42.279192,-71.347234,SingleFamily,2019,355800,1800,4791,972,2,7,3/31/05,USD:370000,439001
462,10 Nouvelle Way UNIT S911,1760,Natick,MA,42.302961,-71.383153,Condominium,2019,587200,2008,FALSE,1323,2,5,6/29/11,USD:387900,675146
463,4 Emerson St,1760,Natick,MA,42.305575,-71.35182,SingleFamily,2019,466100,1953,16988,1138,1,7,11/13/87,USD:50000,467156
464,0 Fair's Lane- LOT 2,1760,Natick,MA,42.26335,-71.317801,SingleFamily,FALSE,FALSE,FALSE,43995,4150,4,10,FALSE,FALSE,1637305
465,2 Stagg Dr,1760,Natick,MA,42.297233,-71.375875,SingleFamily,2019,638500,1950,10454,2002,3,9,5/29/09,USD:403000,692207
466,37 Harwood Rd,1760,Natick,MA,42.307564,-71.339079,SingleFamily,2019,419700,1948,10454,1273,2,7,FALSE,FALSE,480395
467,10 Concord St APT 2,1760,Natick,MA,42.281017,-71.35154,Condominium,2019,380700,1900,FALSE,1431,2,5,FALSE,FALSE,462203
468,70 Fairway Cir # 70,1760,Natick,MA,42.291743,-71.378287,Condominium,FALSE,FALSE,1984,FALSE,1848,3,FALSE,FALSE,FALSE,570208
469,17 Fairview Ave,1760,Natick,MA,42.274725,-71.371284,SingleFamily,2019,559300,1960,10454,2048,2,8,2/15/95,USD:43750,468112
470,9 Connecticut Ave,1760,Natick,MA,42.301541,-71.333096,SingleFamily,2019,539800,1930,13068,2385,2,8,FALSE,FALSE,628628
471,164A E Central St # A,1760,Natick,MA,42.288858,-71.33155,Condominium,FALSE,FALSE,1964,12023,1768,2,FALSE,FALSE,FALSE,556287
472,279 W Central St,1760,Natick,MA,42.282276,-71.393528,MultiFamily2To4,2019,505200,1900,36590,1958,3,FALSE,FALSE,FALSE,671033
473,23 Burning Tree Rd,1760,Natick,MA,42.284205,-71.386578,SingleFamily,2019,556700,1975,15246,2209,3,9,FALSE,FALSE,628123
474,7 Walkup Ct,1760,Natick,MA,42.286233,-71.335054,SingleFamily,2019,500300,1910,10084,1553,2,7,7/30/99,USD:240000,573984
475,75 W Central St,1760,Natick,MA,42.282799,-71.356498,SingleFamily,2019,535400,1935,8276,1885,3,7,8/1/17,USD:605000,737878
476,80 Evergreen Rd,1760,Natick,MA,42.306791,-71.370182,SingleFamily,2019,598400,1930,25264,1375,2,5,6/10/16,USD:390000,785124
477,17 Russell Cir,1760,Natick,MA,42.312415,-71.34948,SingleFamily,2019,414600,1955,20037,1840,2,7,FALSE,FALSE,737619
478,7 Whittier Rd,1760,Natick,MA,42.304624,-71.330141,SingleFamily,2019,370500,1935,3920,1004,1,6,7/26/02,USD:284900,413593
479,6 Whalen Ln,1760,Natick,MA,42.281625,-71.347288,Townhouse,FALSE,FALSE,2019,6275,2000,3,FALSE,FALSE,FALSE,752580
480,3 Thoreau Ct APT 3,1760,Natick,MA,42.27491,-71.388614,Condominium,FALSE,FALSE,1983,FALSE,683,1,FALSE,FALSE,FALSE,244900
481,26 Vernon Rd,1760,Natick,MA,42.287774,-71.386202,SingleFamily,2019,450500,1949,21344,1699,2,8,10/7/03,USD:335000,553085
482,1 Ice House Ln,1760,Natick,MA,42.272013,-71.367512,SingleFamily,2019,1039800,2008,15246,3570,5,9,2/1/08,USD:869998,1173859
483,102 W Central St,1760,Natick,MA,42.282011,-71.360264,SingleFamily,2019,457200,1928,8276,1620,3,8,FALSE,FALSE,682783
484,5 Cemetery St,1760,Natick,MA,42.281672,-71.360208,SingleFamily,FALSE,FALSE,2019,15246,3025,4,10,FALSE,FALSE,1130163
485,87 Kendall Ln # 1,1760,Natick,MA,42.273369,-71.393849,Condominium,FALSE,FALSE,2019,FALSE,2012,3,7,FALSE,FALSE,549439
486,4 Evans Dr,1760,Natick,MA,42.315432,-71.360586,SingleFamily,2019,536900,1965,19602,2202,3,10,FALSE,FALSE,0
487,185 Eliot St,1760,Natick,MA,42.265856,-71.324651,SingleFamily,2019,1003300,1710,188179,3512,5,12,6/23/05,USD:975000,930904
488,132 Howe St APT C,1760,Natick,MA,42.287877,-71.400975,Condominium,2019,461200,2007,FALSE,2374,3,6,FALSE,FALSE,547619
489,3 Pineridge Rd,1760,Natick,MA,42.301241,-71.325896,SingleFamily,2019,397300,1920,4356,906,2,5,5/12/03,USD:285000,348529
490,53 W Central St,1760,Natick,MA,42.28349,-71.353123,SingleFamily,2019,652300,1831,29620,3777,4,12,10/4/93,USD:305000,725133
491,4 Crescent St,1760,Natick,MA,42.288515,-71.374707,SingleFamily,2019,652900,1942,7840,2802,3,9,11/1/80,USD:61000,656001
492,43 Brookdale Rd,1760,Natick,MA,42.286283,-71.394923,SingleFamily,2019,447600,1950,15681,1767,2,9,6/13/19,USD:460000,747741
493,55 Westlake Rd,1760,Natick,MA,42.310163,-71.35832,SingleFamily,2019,856000,1953,10018,2962,3,9,4/19/18,USD:875000,938458
494,4 Whittier Road Ext,1760,Natick,MA,42.310417,-71.33188,SingleFamily,2019,401300,1950,7840,858,1,4,FALSE,FALSE,399901
495,6 Centre St,1760,Natick,MA,42.302298,-71.345431,SingleFamily,2019,477600,1943,10454,1650,2,7,12/22/99,USD:201000,548521
496,160 School St,1701,Framingham,MA,42.323875,-71.390447,SingleFamily,2019,374600,1930,7405,1512,2,7,4/11/03,USD:284000,449201
497,24 Janebar Cir,1701,Framingham,MA,42.335874,-71.431818,SingleFamily,2019,300000,1955,12632,1124,1,5,FALSE,FALSE,312208
498,15 Scott Dr,1701,Framingham,MA,42.317301,-71.434786,SingleFamily,2019,344400,1960,20037,1848,2,9,9/25/08,USD:315000,446648
499,38 Whittemore Rd,1701,Framingham,MA,42.332263,-71.429222,SingleFamily,2019,415400,1949,12196,1864,2,8,2/16/05,USD:450900,469423
500,805 Old Connecticut Path,1701,Framingham,MA,42.320618,-71.39078,SingleFamily,2019,376400,1950,14810,1500,1,6,FALSE,FALSE,446296
501,105 Elm St,1701,Framingham,MA,42.329025,-71.40086,SingleFamily,2019,409400,1995,8276,2000,2,6,6/15/04,USD:364900,448940
502,125 Oxbow Rd,1701,Framingham,MA,42.331845,-71.387684,Condominium,2019,650800,2016,FALSE,2564,4,8,FALSE,FALSE,711582
503,30 Temple Pl,1701,Framingham,MA,42.299275,-71.4501,SingleFamily,2019,180400,2019,13939,3900,3,10,FALSE,FALSE,789506
504,26 Montgomery Dr,1701,Framingham,MA,42.325243,-71.432402,SingleFamily,2019,493600,1970,20473,2905,3,9,8/2/04,USD:519900,564568
505,320 Central St,1701,Framingham,MA,42.318622,-71.412475,SingleFamily,2019,317700,1954,12632,988,1,5,12/23/94,USD:130000,399543
506,3 Kevin Cir,1701,Framingham,MA,42.339927,-71.455869,SingleFamily,2019,575200,1970,63162,2888,3,9,FALSE,FALSE,650206
507,31 Flanagan Dr,1701,Framingham,MA,42.312958,-71.468165,SingleFamily,2019,572300,1979,23086,2960,4,9,10/20/03,USD:360000,624428
508,5 Fox Creek Ln,1701,Framingham,MA,42.328902,-71.394289,SingleFamily,2019,616800,2014,7840,2838,4,8,9/8/14,USD:514960,747613
509,8 Ellingwood Cir,1701,Framingham,MA,42.329086,-71.392747,SingleFamily,2019,164000,2019,8712,2800,4,FALSE,FALSE,FALSE,831737
510,251 Belknap Rd,1701,Framingham,MA,42.313024,-71.452301,SingleFamily,2019,809100,1917,300564,3449,4,11,6/14/17,USD:830000,923130
511,112 Water St,1701,Framingham,MA,42.325785,-71.405421,SingleFamily,2019,360300,1887,21780,2100,2,9,FALSE,FALSE,447635
512,985 Pleasant St,1701,Framingham,MA,42.308769,-71.478309,SingleFamily,2019,600800,1795,60112,3005,2,14,1/22/17,USD:585300,634511
513,125 Oxbow Rd # 125,1701,Framingham,MA,42.330754,-71.39381,Condominium,FALSE,FALSE,2016,FALSE,2853,4,FALSE,FALSE,FALSE,709593
514,75 Nicholas Rd APT B,1701,Framingham,MA,42.328577,-71.404089,Condominium,2019,133200,1964,FALSE,629,1,3,11/9/09,USD:89000,179001
515,128 Oxbow Rd,1701,Framingham,MA,42.327975,-71.391698,Condominium,2019,724900,2016,FALSE,2564,4,10,FALSE,FALSE,818059
516,6 Cody Rd,1701,Framingham,MA,42.319189,-71.409623,SingleFamily,2019,303300,1956,10890,1392,1,7,2/27/98,USD:151050,399902
517,3 Strauss Ln,1701,Framingham,MA,42.327309,-71.390593,SingleFamily,2019,655300,2017,FALSE,2379,4,6,FALSE,FALSE,723198
518,23 Nixon Rd,1701,Framingham,MA,42.339222,-71.474337,SingleFamily,2019,430100,1967,44431,1776,2,8,10/21/99,USD:273000,480193
519,3 Strauss Ln # 3,1701,Framingham,MA,42.32983,-71.393676,Condominium,FALSE,FALSE,2017,FALSE,2379,4,FALSE,FALSE,FALSE,722789
520,85 Edgell Rd,1701,Framingham,MA,42.302853,-71.433472,SingleFamily,2019,660600,1830,20037,6334,7,17,1/28/10,USD:668000,771650
521,824 Edgell Rd,1701,Framingham,MA,42.326594,-71.437049,SingleFamily,2019,349200,1948,43599,1414,1,6,7/2/97,USD:155000,388793
522,173 Prospect St,1701,Framingham,MA,42.303635,-71.424105,SingleFamily,2019,441200,2019,41817,2980,4,6,5/21/18,USD:465000,846397
523,23 Prior Dr,1701,Framingham,MA,42.317522,-71.411306,SingleFamily,2019,340100,1955,13503,1628,2,7,6/17/03,USD:310000,422407
524,308 Summer St,1701,Framingham,MA,42.309654,-71.413847,SingleFamily,2019,408400,1957,15681,1921,2,7,6/14/17,USD:390000,488936
525,15 Capri Dr,1701,Framingham,MA,42.31797,-71.393144,SingleFamily,2019,393000,1967,24790,1592,1.5,8,9/2/05,USD:432500,457458